{"cameraMode":{"drawMode":0,"name":"Shaded","section":"Shading Mode"},"sceneLighting":true,"audioPlay":false,"sceneViewState":{"m_AlwaysRefresh":false,"showFog":true,"showSkybox":true,"showFlares":true,"showImageEffects":true,"showParticleSystems":true,"showVisualEffectGraphs":true,"m_FxEnabled":true},"in2DMode":false,"pivot":{"x":3.7898991107940676,"y":-0.21732139587402345,"z":9.64462661743164},"rotation":{"x":-0.10936948657035828,"y":-0.06347587704658508,"z":0.007007618900388479,"w":-0.9919866919517517},"size":20.940521240234376,"orthographic":false}