{"cameraMode":{"drawMode":0,"name":"Shaded","section":"Shading Mode"},"sceneLighting":true,"audioPlay":false,"sceneViewState":{"m_AlwaysRefresh":false,"showFog":true,"showSkybox":true,"showFlares":true,"showImageEffects":true,"showParticleSystems":true,"showVisualEffectGraphs":true,"m_FxEnabled":true},"in2DMode":false,"pivot":{"x":-1.661825180053711,"y":2.924014091491699,"z":-7.12258768081665},"rotation":{"x":-0.09066251665353775,"y":-0.022806398570537568,"z":0.002089128131046891,"w":-0.9956466555595398},"size":13.960332870483399,"orthographic":true}